hour,day_of_year,irradiance,cloud_cover,temperature,solar_output
0,0,369.4393835108738,7.748063114922454,33.82584267338907,159.53569026188512
1,0,785.927148330089,8.637639509555683,18.83901145341764,368.69022286089586
2,0,227.3057663467748,42.214399471899014,33.36791167978009,324.4841736779337
3,0,141.15621977803704,91.2598213298443,24.05505183568831,409.2862943197041
4,0,939.7369177202117,21.453916257687567,24.596235692589744,474.0959190921777
5,0,291.3414443706581,24.982234930523628,24.76527339685571,5.688655221354145
6,0,6.917140300054969,14.652265534519927,24.336012408515742,260.9891470007553
7,0,334.9601253400614,84.90484491809335,24.640314590213478,449.6529626280436
8,0,886.3360089215447,73.18151842811422,21.6335917214575,104.24792139982597
9,0,143.27672123035939,16.642468930647382,24.872769489086327,417.0779663772209
10,0,509.23358091847615,12.25950089029314,16.24619505332104,379.4992391188423
11,0,373.6713611804804,14.756483205237958,22.862417523545282,390.1413467157233
12,0,500.3783965385702,75.21930901356846,30.51869829201407,180.63470005693443
13,0,324.5613492896998,61.53820074161178,25.645524466448627,395.8185074571393
14,0,453.2176609565928,82.46486379490395,33.46910944338464,330.6902750826878
15,0,732.6167948219448,66.53385847120956,20.210995365554005,342.820145711643
16,0,136.17909584382227,20.584437796189516,28.4464312269386,323.8480762676265
17,0,734.4928232268835,31.35262683475445,25.246543286621158,320.56650977250246
18,0,290.9954102562745,74.29208100122185,24.544543965985593,6.066012066786253
19,0,879.536881914292,25.477934378883027,31.69982829846465,277.9135435648827
20,0,425.5912595301461,29.415506662793877,24.578758029781763,133.7226560995634
21,0,966.7683522645563,8.767502568667906,20.442054440899703,381.503284321458
22,0,89.4564483954532,95.98057303508448,34.454451857234645,13.257190514334882
23,0,401.5233919740736,21.076438704659907,18.820696235137163,432.960337376579
0,1,935.655741843839,83.8633509331676,33.707890965894606,353.7631601448029
1,1,215.73907901590107,59.20080685651632,16.928671122549513,85.34293306328894
2,1,832.8159596324516,96.78432453405884,34.173895273543124,354.83353677621545
3,1,911.9500332536454,63.601352482167975,34.54281990265734,444.31144636089846
4,1,795.046647138281,15.66627864562362,31.51920347507205,292.8700981682323
5,1,672.9134848707415,84.37470092017517,27.72684181033567,44.421153656499676
6,1,921.8128653294083,55.16045469367743,22.555118801174103,300.0901541556198
7,1,465.1217911872284,42.803458904994486,32.02735944759456,227.14909216344924
8,1,908.065529885188,27.561210257950975,18.077782738942826,46.15528486615206
9,1,988.2711184104144,46.87539960254995,22.244719118267362,183.35617135387687
10,1,237.8208292137164,59.44651702114131,34.456130216939485,93.1529951750672
11,1,147.00083097319228,98.82429691817113,16.857271389581324,483.2842600665553
12,1,173.85273785318356,77.45185415925383,30.82650458243772,319.51441696956294
13,1,597.8337328310795,39.11574059528697,21.967458836022075,40.166326789105646
14,1,643.7543074649057,62.49855572837008,24.170120502565613,158.08408226525327
15,1,654.6871239552455,6.937723234936954,31.662125337374786,234.8492709929566
16,1,212.37656517402704,82.66000588295314,22.848011000542378,98.5170348789684
17,1,982.7620438563177,99.45043183029729,30.57466925213909,474.02388634502
18,1,656.9966220192771,43.12068857125164,30.71563373890574,433.0952500469997
19,1,247.38433757294243,29.776727492410238,23.99741190805284,304.12839664839737
20,1,213.3403515350264,53.98031255365382,21.78992522746153,330.0821929313252
21,1,972.1609511891128,98.60134832359196,17.131467602160196,229.89933382417172
22,1,168.51730836351763,60.268897752740216,20.285472946866108,329.9163372979969
23,1,9.75588016730411,94.67984150174249,26.66030758676299,301.1933612258502
0,2,606.6979593519986,51.1736481970695,31.69363061208442,183.22741163396816
1,2,137.05256381060536,2.635711757885828,16.943418286085564,84.19477666353231
2,2,985.654412450234,21.034517724486925,33.49338811348969,192.99961466482358
3,2,117.06182524132724,96.7604514523635,17.903219262272245,324.01359908741244
4,2,104.42671768197653,27.948324777547718,24.01483876789681,3.050260919345349
5,2,562.2196340029572,68.83592302711664,19.571568537578216,245.24944125374824
6,2,965.5554906585988,78.47433284395929,18.787528129332763,439.36005109478197
7,2,289.7173604193588,34.92927119876236,26.759635892650223,460.680325806517
8,2,771.1293595842933,28.886036344903808,17.577038454138346,276.37056145103685
9,2,308.93800189145384,34.51245462970382,21.44486396084428,144.48113424997766
10,2,569.7537427077674,70.90566007424711,33.05212333055023,326.69211696648347
11,2,510.9555332124809,78.30446197415354,16.704214250085634,259.40659641028054
12,2,324.25689893261944,4.6991317305841385,31.379241409347266,373.96481382475054
13,2,771.7580638817225,37.40958199295129,22.220082826131943,273.6575433982279
14,2,69.63655656879165,59.88053739689286,22.93184437683097,13.56442260072127
15,2,673.9797435056031,47.972659083887535,25.007712446982516,247.04117734425125
16,2,782.6271984557043,30.250817215254244,29.034221546708544,130.44859491914735
17,2,403.3627261289582,91.0272893257447,23.973333016817435,207.23369807824886
18,2,556.4473500553554,83.63481300727061,24.224065260626663,6.339681759073845
19,2,56.342181631409694,49.64336404321023,21.733485460073855,427.214591661913
20,2,509.3447639818954,96.22544411314348,27.504604462610697,126.07238861222875
21,2,818.0687532161302,29.82907185617034,23.61317382839831,206.46988523401848
22,2,816.4685706262445,15.648945097511701,25.332758701046707,32.32923403806115
23,2,418.743193086887,71.98053777299398,25.187009848043537,366.200327550036
0,3,927.6983888647507,17.075214504109137,16.118709039917963,182.81833437261037
1,3,571.5004504469944,37.26464865131754,27.213569158880333,184.25745153840788
2,3,124.03485951389027,64.69799066323586,15.679590035884594,347.4294461235063
3,3,807.3171044516696,42.981705976690556,26.555202746402955,36.238892067465386
4,3,988.7767168272239,73.23378969836662,18.01326996221594,405.451024822966
5,3,256.38579445631115,64.22399802842598,16.81179534591233,306.0866732840812
6,3,962.177573514191,73.34991695605012,23.198434437831274,52.64918459225859
7,3,656.7883676718416,38.84468309195172,32.28458942249509,251.43763484624105
8,3,386.3369593045991,64.21561687233495,28.86527672143857,180.22174204306285
9,3,281.3592879287189,65.25988292923257,30.17049682065547,389.2858288899022
10,3,45.95285602130949,44.690350477433284,28.605655335743354,252.09094541252654
11,3,187.05232893980906,79.18389405075,31.662402135216638,272.1353522830095
12,3,440.1965881188734,67.86572918438281,15.888733502038495,69.64573317718632
13,3,742.5701735878489,42.951788020397,24.29671856068584,266.0180822930681
14,3,899.6548993838846,8.790788268877737,30.39990628524773,249.47139319394878
15,3,939.8897192228103,86.15296159853537,26.164648465946335,335.57964538664885
16,3,613.7574762137135,28.13893566162019,31.516499007502816,264.34308323815964
17,3,375.7609725052883,62.34099291088331,23.71536425568208,338.0821556520902
18,3,992.3606831855412,67.8572589834103,15.795065730940314,225.82408695927148
19,3,775.4159203508963,44.62529061666605,32.826181073693476,473.5262715742403
20,3,53.12153542467202,1.6390136233944919,22.02008617702669,6.104906580974401
21,3,55.1009802474135,53.88430280106935,24.751947157674582,198.48382098114664
22,3,367.9905222399054,18.536218562346217,29.919260884151242,22.226003006117434
23,3,890.9514414853928,89.46560637808092,32.979178627637374,466.20358760686725
0,4,310.49417941099045,77.20297804853774,23.978618420584603,306.48159436740093
1,4,831.4711540277368,42.93256667147841,22.783912896436966,395.9756513375555
2,4,240.99594706994642,53.751775725462146,29.46567405231754,397.31878591847004
3,4,987.1488785574886,23.366954797186278,26.107130948269102,207.1491013994679
4,4,844.6621181469001,46.494141651719275,18.0475982985311,476.8746879609733
5,4,942.0531304634599,82.47154597564969,17.640563305394114,381.3191778546342
6,4,816.2053640589951,44.329599530745575,25.936265378715838,163.33900255395412
7,4,301.73412454036975,48.04294739819893,27.098388120542833,165.66464598789798
8,4,911.4353530606654,71.320839534457,20.477641970072483,108.7403879773548
9,4,7.9403255161329955,50.047022100160774,21.79998998480186,191.50736619329373
10,4,759.887112287234,18.919552674356655,28.257762522507424,50.65203191747142
11,4,269.3212901754296,56.77412966542564,22.404112848924406,245.74195798192773
12,4,182.241284934459,64.95141802558429,27.362915716855213,157.826752607022
13,4,771.4913473216067,8.19544381916132,18.39769569996635,278.30520369462226
14,4,340.13156744216553,61.82048909410083,16.743747453027023,65.3399226410314
15,4,641.7271965855213,74.87542829130714,25.989546889084522,242.62546414529996
16,4,96.982562652975,60.44215213592183,26.021139784352997,103.70782784657212
17,4,592.641560186924,50.70490437139688,31.92372135917162,395.7045327358632
18,4,373.73896807405026,66.00465164987722,31.734860388421385,13.850774777122654
19,4,24.10679790703252,47.09384377270148,23.39763775124716,72.29201144229368
20,4,942.914693253625,9.969602676443523,27.770519962198442,221.37587927683327
21,4,290.8073286718258,25.22317615363301,27.805884119162357,13.04550201421728
22,4,235.10219775977504,95.11417817263961,30.457790823265398,6.91177821498351
23,4,328.33640541759934,76.90040210863278,17.422118108882497,24.842923508128777
0,5,241.13520215521334,24.72261430040502,26.531595889566198,387.70858631154374
1,5,419.83859993916315,24.54663047560969,29.40106320431983,325.1654505853524
2,5,698.0418443801615,53.6805468315106,25.136976336774204,39.70658384967507
3,5,398.8357822227625,78.03775515813052,18.882320720998433,429.81947985471936
4,5,526.4706248515763,42.1663258995851,22.423822273425614,479.71711391839267
5,5,324.08048205158855,14.278598271693333,19.19599079836892,26.034411104457366
6,5,474.2514980040229,42.74875758263654,23.459593755877506,467.17923995278613
7,5,115.45770589711024,54.17854424085519,19.65630817550541,406.5362735896146
8,5,870.6093303378566,55.23395393376798,29.46325191504979,154.7839660942812
9,5,809.8407538753519,71.47981429484996,17.699021580738073,160.97126769151893
10,5,132.8643038132299,10.962799366541287,26.47654058789663,295.56821923740773
11,5,602.474123244849,0.33773620756470946,28.73677489621648,59.29003133277544
12,5,440.7940472903471,5.598998714620851,34.92057414794034,208.25627136064463
13,5,986.6040729331012,55.51094268911332,31.867873473499905,377.48158088509933
14,5,949.9846691560272,75.36189414455498,29.757647423699936,452.733172936705
15,5,303.0600664367535,57.78227380791876,29.243375607807337,114.28666731315296
16,5,19.079075952497583,71.33662524606255,22.628105323414978,395.1922604934862
17,5,6.5500882774409686,86.68698896138511,30.964942055420018,441.2158900260515
18,5,728.4452995877771,31.719912740411015,21.304666403910666,474.3755504458546
19,5,179.49088859175387,59.6451852413155,19.818188765681576,447.51616095151667
20,5,131.59276782996153,48.09260036272119,25.565887535240464,143.157195712286
21,5,644.1634411140251,87.70517491608905,26.092487330941886,13.145812444601557
22,5,850.8407794089975,82.89422895993198,20.758715803259275,305.4952605606562
23,5,303.7458075490298,3.908430246468919,18.142898453692272,128.24538089565934
0,6,126.73787049219443,91.18662737701905,15.458564423335721,62.22330156005973
1,6,129.64661998756245,56.797258213451975,29.52372830557375,89.43364617110954
2,6,466.04048907323613,96.7532678522971,31.725998917862984,296.8346935828125
3,6,714.56139666629,68.09105081214847,22.591509262314375,266.6816642181503
4,6,876.5749048618552,70.6191879504019,24.610992104524666,30.814841724816798
5,6,816.8508986763766,35.65721268969391,30.260334105062853,462.50863369059374
6,6,782.200619548338,66.5120453572586,16.444892852067536,402.6798385396043
7,6,877.5674663879165,72.09622170371166,16.894949450356524,134.53229483901342
8,6,880.918745649571,97.41481664039704,21.492964794151142,327.1209145894681
9,6,72.6010407121035,99.78474875590936,32.3596434876892,224.62481952488022
10,6,463.13492716186124,37.41695497095219,22.84065207875628,319.1279504693815
11,6,734.7615122144555,77.42922384388929,24.427884825232123,197.8264436826534
12,6,643.0126777760225,41.32687427103663,27.72754477941084,174.70011499016118
13,6,490.68721780781465,8.637489397474551,23.962339313768183,447.45821126857555
14,6,720.4295728184785,89.7378522622851,20.934299114612426,435.56233638674587
15,6,465.4218396694638,52.008217700623014,34.05652360066922,105.74332925091929
16,6,336.23690801795834,94.53232999398956,18.690454634500234,499.12755918108127
17,6,528.2960182358518,8.501928510316414,23.170206209346517,292.7846886130238
18,6,823.826349729331,36.17217552163334,25.875389847845547,244.11651699174024
19,6,641.6411729656162,88.51740770307079,26.563721688683128,350.89280644145555
20,6,812.2534091330728,55.9290023219267,26.728512150697533,341.1856034793775
21,6,882.8072287305602,73.22552992436154,23.285473544789134,75.9367370899311
22,6,805.8885911155622,39.639730706825404,19.160816032650658,307.12562409732016
23,6,712.0875204821874,70.61150993642302,27.875555122047658,38.87453524744178
0,7,310.81134011913645,66.70435721522907,25.301358493623095,418.6692038221244
1,7,412.38261035829214,71.72282754019331,31.553985383069346,386.565772441679
2,7,148.73606106036974,86.16031616179647,25.989728418426065,143.2444045187166
3,7,683.3555178345241,37.08484019236437,24.07400053855328,101.30714514217465
4,7,521.1904556903328,9.398919832870334,28.383940258561783,375.8206907022856
5,7,749.0207922158676,89.30462133268465,33.67573272693164,418.9617001148358
6,7,85.73657665608792,87.58122563803484,30.820010204668847,398.96202605989316
7,7,26.05667811097001,16.387022121394146,24.778788692847986,272.0537737526337
8,7,652.6385092659741,36.098174731447386,16.42951817510425,36.13546550146274
9,7,169.0665892260774,8.714964445538097,25.90092990787973,42.84831801727657
10,7,886.9941983032318,21.28706498545213,26.678797095550806,75.84848608755756
11,7,833.7994216764628,5.624308054322391,33.84884534842053,210.97394679547338
12,7,311.1938156057947,49.421128948908056,34.152878711460176,469.3030427857944
13,7,742.8233511517565,13.105920629819535,15.583814331788181,249.0208567007468
14,7,7.38147109343068,45.07309034776941,15.265142603923733,123.47700966575886
15,7,867.4098722029628,57.82896258592679,24.941206902017953,95.13066387296992
16,7,810.5169035790082,81.75729285369884,16.461286846135884,419.8131776720555
17,7,665.9655603640557,43.13895805185771,21.199500987716736,179.06703174639793
18,7,662.2685448578304,94.64077506175909,15.589074283208443,45.59358088930882
19,7,81.82863123939599,35.98649865592405,24.87112437551343,90.30159517565795
20,7,233.90544574388227,64.17223602355216,17.808389234629157,58.53954633661357
21,7,870.2739208265307,27.953474419876212,24.684944745316642,465.8158884352423
22,7,488.7069787641934,25.871994607362137,23.527406673822526,19.88449664653619
23,7,641.8594673822761,32.9643219749842,29.23647970722407,414.18521574631103
0,8,561.3535755735302,20.54465379134808,20.6256414400581,468.8676281522695
1,8,314.1186615972247,29.436739142769675,24.9855394294629,344.609189601949
2,8,385.5035213142198,0.5113567061721169,23.265132527566685,32.88919324504824
3,8,193.60484511885224,3.680854842446346,31.063650156134013,459.56667062385213
4,8,897.1706807315367,50.85826883760796,26.19532912765462,92.72423366917604
5,8,66.51892047374707,77.74043369316237,27.799682928493947,86.71450379852502
6,8,70.96225400292589,90.12678017896378,24.72135932809009,400.01963029191444
7,8,260.1725787518958,92.30435996253149,17.474049246329685,126.75288717191668
8,8,582.7791904513952,64.36726340300567,29.929348171105577,429.3418852771707
9,8,791.9779141479653,83.69900271501326,23.271624749687632,151.7392731777691
10,8,806.6620888156492,66.03296427152333,34.329475468853474,349.48334172409534
11,8,931.688940735491,26.581417593286428,28.27719365918931,332.58393616311184
12,8,464.4142836624671,16.258507486123285,18.01371353345125,216.44304361056777
13,8,420.3156979633591,21.23668640918134,19.106442143786744,150.36673603688567
14,8,801.9554290809743,98.29202114454759,26.154837323954077,465.7867067591196
15,8,407.6814757004523,47.43123954370368,18.276342222111055,372.1107429071299
16,8,453.2333063536206,0.5113590273305157,17.157735066631545,269.69803140866964
17,8,335.11693544713773,85.46653638955169,26.99470407428376,386.3400740448564
18,8,351.1114214372878,57.34992693034634,19.263395361972126,184.2061367604012
19,8,842.9373290664697,88.29207012540459,32.02192408290093,330.6703173260173
20,8,437.5723001188585,48.61343339406305,16.452560332050567,339.18413794437015
21,8,459.2798559609014,80.02116630332267,19.243820531629353,172.2472447990851
22,8,317.4699525267074,29.851334685998488,27.686855083425428,447.201657395543
23,8,864.3433750087236,30.62225699028316,17.372615014323177,346.2365330014375
0,9,808.2648234525664,78.95889018387845,16.75338023672216,433.12617650424477
1,9,65.743764044908,87.83756635580998,30.19623984760901,153.5678031225922
2,9,972.5410383585057,22.05062503366866,25.99568014350026,50.85959897646891
3,9,840.4768277565774,28.508259633028143,20.29121616898515,303.4635640880887
4,9,371.9139069905776,54.20919387166894,24.706228952867242,59.973000657732925
5,9,561.4937632782382,56.958708594591066,34.97289559012331,118.48162830634695
6,9,794.7050921425761,89.90215255868404,21.78963120673635,384.3561904736611
7,9,578.7432054550897,58.71777250022436,15.273342691556095,239.64376297098465
8,9,124.71743039968086,5.833814229652246,32.02008971835968,114.05557114731418
9,9,242.28124961084941,76.08711019055939,15.06057099734381,392.2189949827196
10,9,99.08698160921891,55.88356363135477,17.59526570047353,240.8983254282926
11,9,880.2095259618177,78.09456867819527,32.3008676392837,121.48289556285619
12,9,981.2972770892607,38.11202265552145,19.087978123261912,459.6889748592167
13,9,979.7588974012828,65.02800224444263,27.35112845925706,413.97842089496083
14,9,491.1624953024909,4.249428601216454,21.942523350332372,72.66914617140053
15,9,941.8059809094783,57.89448807864017,23.706459630103762,324.38112692010355
16,9,473.9471670794373,3.093093226580901,32.35327659683143,320.61526263076604
17,9,883.9977492736022,67.41663401636514,21.135812946611924,85.73119949792518
18,9,192.20258431319837,70.50609580126546,22.020209911852756,244.51859109914105
19,9,794.8509650344504,72.38333191871486,29.746126811832703,73.08595287061326
20,9,539.4882047209326,16.560242958502446,20.10770207293866,438.65068979413525
21,9,142.8368860310606,33.198213306188464,19.741736364822316,346.22045887463
22,9,834.7023151982569,54.3155305633052,33.82959226351559,40.82277552700736
23,9,244.828621683551,29.68434734628984,22.083346239845394,185.26079684085084
0,10,214.16835822193582,32.63602678972028,30.68797796892575,364.5297794305662
1,10,888.7665623670551,95.35233114013421,32.4163525968313,413.6769109985826
2,10,731.0620543720016,39.06424532076902,27.754178519443002,238.1431834738315
3,10,688.6635936121377,33.6543476535456,29.58627410625686,33.14548921807259
4,10,798.4035716496588,58.84196531235744,24.261011126732424,367.76849133699835
5,10,333.735283468405,90.32929783841382,19.46465597993465,132.30182092583775
6,10,727.0742384782505,59.18675959869787,25.18408211912738,99.05053752797937
7,10,163.17639563441944,14.475626369531502,15.571431163244362,53.61544921906686
8,10,556.5549526400046,69.64871641723317,28.260530601566582,127.02845402849594
9,10,178.90062313382248,11.103214681705131,29.748567151546055,39.27024064436579
10,10,892.5222433420497,38.965799648887455,15.497061170412195,79.29288699441689
11,10,311.64079069419904,50.54835933258066,22.96084957114128,182.95207423330328
12,10,928.9778787147837,15.474934327951129,15.896205694531663,455.7711560269482
13,10,245.87917173081064,63.61223073308848,17.631205956776743,375.21477945476715
14,10,30.285858682285394,69.05067214096356,25.102787676703816,238.88293177220916
15,10,785.6435070975937,23.409073780677247,24.855091973922406,339.7249825222104
16,10,865.9219093509506,90.66615526255057,16.205278933588836,357.8584027677449
17,10,478.5530763321363,33.72278909015498,16.943784847181675,141.95894434419182
18,10,267.44138177939334,52.23487602384252,33.87228401557448,206.44305618104136
19,10,973.7092675393372,19.47187976572288,17.997366138658215,43.41373469995524
20,10,319.15113106073267,53.95616356388376,31.382491166066348,17.172258479132342
21,10,562.5809388703439,50.69835525595947,20.71506836238065,257.50330772770656
22,10,638.626136721536,16.75904506135648,30.410988803578782,202.07990236668928
23,10,335.37300677812067,77.76777433795343,17.01975746586549,33.116656342900896
0,11,211.32073391439243,37.017286360139735,34.28293676070669,306.7589306783916
1,11,644.1258420109066,45.395190216587345,33.254403491083096,394.3940005691517
2,11,848.803532894608,70.04429538994249,31.9718329501648,466.2710170498863
3,11,954.5829211979336,81.85836893997084,21.94636810648413,311.2015290581823
4,11,803.586199033997,19.98333863886055,25.400703089488132,324.5746872363561
5,11,987.9945705247798,31.670114182785237,19.115699795369693,465.5111103119016
6,11,564.1974401826739,68.8986361404381,33.6305509314146,56.09324458804693
7,11,442.1471027113567,79.62171679257989,31.053131032549985,441.599391599375
8,11,847.5379781598539,50.57045680568414,31.31340574620112,198.5877392358552
9,11,639.1473982936387,64.23295549731833,29.780350949055183,476.44811206817815
10,11,713.3622446381947,64.9070706874873,24.774946766294846,184.0451522033596
11,11,446.7275396156953,18.352512150549927,17.88017730956856,410.28344016824195
12,11,661.6237892074122,89.81668618526237,26.218162838862764,271.087823064445
13,11,813.0632086316602,64.13451619877425,17.37891447803251,492.03400170566323
14,11,293.572189343271,86.83142684745948,20.026282182915622,31.31813508909159
15,11,888.1025601951764,38.96447451232391,22.261536024078424,288.5690773232602
16,11,132.91549290815507,9.841738461889914,15.413609477575992,364.51316377641524
17,11,632.9025576296865,19.858044471491844,25.90579078087984,435.7325411403086
18,11,531.3516249843791,26.60602393288476,28.145749038292404,11.352666301047531
19,11,158.29267735138762,55.598192272355774,27.352563754324713,192.7797448101652
20,11,211.18154120260934,27.685874005841036,25.25097675806706,340.90739679900753
21,11,122.74291701881901,97.30160612270981,33.249624338564914,498.48355111013757
22,11,513.0059352160638,33.72352599909867,24.00483883550562,304.8359479784861
23,11,606.8446517836795,16.539933841348244,16.51210281403479,495.5035679960032
0,12,862.9727378897984,73.56117399800881,24.788821825413365,313.3617015718544
1,12,273.39601627342915,87.95924458029296,15.979746831937492,481.78147453710164
2,12,113.95839896480054,77.02849630110488,17.03947598613544,400.30565931808377
3,12,939.8958296796825,4.81113993204878,19.465859024374787,90.83945051850057
4,12,291.82814793696156,25.51192997402524,30.092815277908958,147.43137088674752
5,12,69.99664411414663,53.77085497633152,32.645851601560935,362.8354014062022
6,12,33.064814327837254,50.53519711221707,28.96439954490821,198.23893220117168
7,12,465.6310792035403,31.387430843231,32.637481772776,78.33321100483298
8,12,179.53386010037264,51.86596228712907,24.92651554350189,15.134205637645836
9,12,689.8822762005052,47.85605814350041,33.5009068682604,154.76865912536374
10,12,181.98419234520713,35.032432073373585,23.357407808287547,463.7488814728686
11,12,316.5665614943661,24.733302734021667,25.381125420767685,253.50641487043208
12,12,415.4397653590436,83.81131320551347,27.82435238910633,363.5411905829609
13,12,687.0290189070072,8.133113436529838,21.983785997932333,454.0625919333082
14,12,619.3791478980687,59.2385478115657,33.61696358533719,194.9959540148936
15,12,123.55469092900894,27.903207978027922,20.530204977969966,75.1067816323076
16,12,993.0999136757508,30.64116008530995,32.04926446661383,241.9888286194463
17,12,139.20406754151193,73.17761430620297,26.713731389491123,55.815861818554914
18,12,577.9060908864949,99.1982514451791,25.545982994771254,434.284306861312
19,12,238.6320660343203,46.51326686132532,21.471925368018255,159.34846513659267
20,12,810.7370252328597,38.727636357785386,18.95339394166304,321.43808093907586
21,12,526.5165069643047,47.708678200477884,30.569547649520896,95.30554220465015
22,12,393.94232834951595,36.5022039116473,16.71538808322322,412.7438465224673
23,12,746.9480409673421,8.9311593411047,26.182525203889853,486.75633114797535
0,13,768.3438479087458,88.12667490524386,23.80632296662552,287.1757247301375
1,13,805.2934458339884,5.026245187977674,28.769272133827332,180.25634851916877
2,13,9.769794560852807,97.18606047346763,34.40475476776476,433.9881319911716
3,13,743.4901086857816,8.060235656424497,20.997774390689553,470.6018680651948
4,13,305.56012303502513,91.92516052705373,31.67326883785066,226.2999616444406
5,13,146.76630080855014,80.9701313530559,18.161786949824446,26.959872021501297
6,13,591.1975314946219,80.88132262260706,20.19550719779202,91.36500160243749
7,13,913.7272908000929,57.76230692494253,30.67273180354001,459.9613926157796
8,13,929.5752812831131,41.38468127523366,28.233109689416008,276.70033351515275
9,13,504.94454570425376,3.702607276382397,29.006563679369677,305.6196570068241
10,13,959.7344325397426,79.74153738909993,22.041394867412894,331.83534605133104
11,13,887.0013670252562,11.900804711451263,34.01918316897181,320.15935451012
12,13,466.36288065405074,64.1873200302783,30.345965246089026,335.2330344971256
13,13,754.6577676467892,95.88801788279945,34.112713506991625,410.8583585454145
14,13,925.8592376082669,29.635961367590447,18.154871414660622,142.23025053184952
15,13,872.4400870379361,35.38883846575449,18.501463166416176,399.7647318444947
16,13,475.069243192502,7.896119076536823,31.774850144445647,335.3563304849783
17,13,606.0561536999348,54.666761097123086,30.480779780932707,440.440227095867
18,13,797.4422588016605,17.712390056425697,34.70102560975439,35.09925509632755
19,13,466.8364955781733,89.77329861043864,32.924225701204485,426.9465818146548
20,13,188.72763099256417,41.56264464389082,22.87158884880776,100.96762570342038
21,13,376.82721059699566,36.44064739342989,24.947198039391953,395.89054183353176
22,13,797.620656143784,3.063310466391189,32.427615456213424,117.79427927936386
23,13,968.0093940769686,79.0509417289721,30.39002989051385,416.74574794817937
0,14,13.959648828971272,92.93500305733073,30.34575235720299,60.29856587326421
1,14,634.969844204552,35.98374216907663,30.41547074354616,106.26490303150827
2,14,541.1349866011651,80.54006622961136,16.082156642762047,81.00122802223414
3,14,26.71360181243687,24.610565644363913,20.50694837858794,144.53483645567678
4,14,185.71485330186232,36.18819816234507,34.630375358174106,173.08375042015496
5,14,586.2754367668773,6.697149172718541,28.04469546110021,61.86719176748801
6,14,694.6679414281589,0.9265184947997329,31.17097280959411,269.28686859178936
7,14,741.7445407923237,37.56450049551488,25.232986341627047,376.0507950968052
8,14,403.1083892828061,88.42966808876123,17.86822082201407,144.03273774698116
9,14,989.7970880226255,8.919752557195459,32.910580513134704,496.14833116865526
10,14,57.838571470705816,0.32415554459678253,28.096154883088005,377.2491703968487
11,14,223.49681048781855,64.81470927736672,23.405193275509202,370.0503855716388
12,14,404.37108258570197,75.04231127371706,23.00475708758903,325.6265286853747
13,14,181.0617839350106,69.38410945257958,27.282609658766297,347.324549988487
14,14,994.5301648994031,52.773100930842865,27.52851124822295,375.79835953484513
15,14,463.41167531542914,11.910498870062447,21.66610922770223,348.7855913744215
16,14,391.6238910926806,55.219651861582655,28.112439784055738,184.39896267120943
17,14,495.3864015824618,94.43109007243439,26.35482703405707,162.03429791563312
18,14,416.9012540699031,10.201991298241387,16.22627928212213,444.168794736152
19,14,697.4623600785397,63.526587788182965,25.760882817183123,275.85286797044114
20,14,926.2414136486012,24.84591037950966,29.72919247189678,480.319614145167
21,14,272.92398767046,20.981961378957635,20.943302314340322,55.505698675468395
22,14,974.9376972618834,12.445564187851089,29.35382894834516,485.5766358162873
23,14,746.5038755368705,83.55038213921104,31.82180140728984,395.81633094026273
0,15,729.6444776810382,29.92173966390621,25.83092212355985,153.21228812199251
1,15,438.6461583453637,35.78691309520505,22.244002550991773,74.1966099869475
2,15,997.2404315688575,18.765969792742364,21.205487554086503,370.04829763049526
3,15,970.4680348885569,5.625625763105846,26.48682602133237,37.66678625989739
4,15,928.4478955354299,5.209782593485945,32.97073563249195,42.09589556992038
5,15,309.4321175185608,37.71265189142047,33.531666845387775,266.4248534991959
6,15,81.02774051852668,17.19682051667448,16.725796426332856,417.20809114042794
7,15,766.950109005437,51.380981915205815,25.21919369048658,135.955073290008
8,15,121.94124130840578,55.741879635947534,27.022713778237705,102.12851698969388
9,15,565.2546943504324,41.91795276741872,34.86300618734851,21.735873102066428
10,15,638.8815884342637,75.27681386177105,26.520798155229883,488.3362112164514
11,15,595.9052774850729,1.6164059052743762,16.741475058023994,185.37430226732653
12,15,837.1482243237818,63.726969777658404,22.120609710268866,150.4672831804339
13,15,486.1753526645741,14.447834997807673,33.779809675400784,255.3265523512624
14,15,974.0116241991288,50.35079773058595,17.336516995625885,373.8433285634434
15,15,35.91296650753384,22.656785237460973,15.123026272895128,464.362891824816
16,15,485.86789645985317,26.282180025055457,33.84695516951544,308.00134479018675
17,15,879.8869710751231,71.95300370965704,19.646994398209095,488.3042092122213
18,15,368.55871224779537,48.498949285756865,28.43885905618535,202.91317142720382
19,15,348.24850852018005,40.15203460946412,28.718800758522693,444.82397230290354
20,15,616.0567209665284,15.394083919477064,30.758470493901303,449.2260737709616
21,15,98.50532133240108,55.651011862473965,28.041241263575245,274.58664807258475
22,15,278.2550163860047,97.0304532454265,21.136247971333844,211.56028551375027
23,15,954.6467711461794,19.131740488021045,32.98320021032718,46.219474224891755
0,16,717.2458466490436,15.288380205383966,20.50736826888379,199.04786459208583
1,16,434.6973114146967,33.76691241086432,23.507560958612117,258.8481932567677
2,16,729.7601307059251,69.16734466867074,23.121684880524334,327.9576977573354
3,16,342.7627264530504,96.146167423966,21.51032972722524,396.4420640790655
4,16,268.27991551304285,17.88061135394169,29.449435105829664,248.0421069827569
5,16,390.74248966368674,33.987797802773514,26.950745164809778,445.51138486275926
6,16,557.4340752402225,83.50052927241546,32.047790928212294,355.2005028500585
7,16,457.55343674613124,77.012391718229,29.082203335168373,358.4896802494617
8,16,621.9142134839753,82.3917392591935,25.607665226822785,122.21568326337984
9,16,60.776706532497,89.43212935731489,34.02288605403635,266.6543841139803
10,16,541.9937373857539,97.9080083160258,31.13882157647945,227.34572427831705
11,16,75.0900013586534,34.417001964160846,16.06679467288474,120.74436312884157
12,16,820.587718400118,58.40708302736134,25.002087319115226,4.62885709462002
13,16,718.3779110276445,87.37315349769226,32.99164614487223,52.22377750298168
14,16,238.71043553398508,14.267539627686343,22.457483943671196,13.133498459897751
15,16,130.4058943709112,42.633310530280276,27.97698810331641,258.59534690426693
16,16,810.8032578816528,64.41830481079838,33.53343046506708,413.25813660474176
17,16,260.0434069673448,45.857804490777724,24.298678611766768,408.5016667069437
18,16,697.3358644295384,33.031002483580686,15.921521347971732,464.81833363484856
19,16,431.5181911266639,13.082723106347583,28.81672104188739,148.73516200872095
20,16,443.5162551714461,7.60448622367843,20.068135183876944,109.16684092509915
21,16,890.4625947738224,15.644831919443568,15.025877758392344,293.36531245020973
22,16,188.35924147520944,93.27259478780086,23.502314180175894,357.97345393587216
23,16,505.5699385812289,22.665594155808964,23.27197721004629,89.62228113853365
0,17,697.3913578486988,10.349603843929078,27.325169399241155,497.6824495016061
1,17,247.0214918448702,7.48992181578193,21.0512946919729,161.96427233796211
2,17,251.64383610093267,50.83373762736466,19.49573593009846,84.6946360516242
3,17,10.431097605375195,58.57620170467619,32.19448331635958,379.3563164525183
4,17,130.23215971717073,68.7666413712026,15.48799606532101,223.1023188131576
5,17,343.05152678662057,62.60545268221962,29.949828155411353,342.1144432546775
6,17,922.1940213256556,43.92246728905413,25.222886620576986,377.07298912755886
7,17,284.7287398973409,10.214382189271554,15.311044516211787,462.8963958041451
8,17,812.0324835750174,26.372533108154727,23.82112596250086,447.92465102717586
9,17,4.69711689584118,67.28386133060556,21.028976866448758,410.7011894377948
10,17,561.2928984138299,7.720051359228752,19.698976881097785,397.5794817547493
11,17,407.0322162981673,92.51064996244654,32.927133357533464,96.42869898513973
12,17,279.36147174993687,44.52986662304649,34.26986348206232,83.73889009605779
13,17,571.1310419396157,84.19215758808099,33.09958963591643,251.1922925781361
14,17,492.62683165089095,38.04997016500084,26.94223920807739,121.96868284415203
15,17,318.0689530718437,28.67770078013767,33.91769021208691,460.9636207211719
16,17,535.8199570044079,52.31231174421372,28.79333497392487,209.14967252775958
17,17,730.0188983220609,42.69538102203323,22.82911502199405,218.5403158448781
18,17,915.8221468701207,25.050625630374057,30.590384371298565,284.7721853724975
19,17,592.5627790960086,88.60864617046805,16.551697126864283,138.47089729666234
20,17,618.0016427205277,74.13033268995353,16.788392767369714,405.63501359338716
21,17,68.97009325788062,86.93188135151321,29.085815080174044,400.04741086752597
22,17,421.3559208692453,8.734252418816757,23.926233494766997,177.96211373303055
23,17,72.77042632040565,96.23394051900311,28.328795793755816,312.5084412185018
0,18,111.62511489035887,13.68314170587752,27.698290532374983,164.8349904362677
1,18,82.82423869433897,35.21334598069035,16.039558823661096,475.4682968009367
2,18,479.98362053890907,86.95180661886319,24.408425572072296,263.0182705704129
3,18,544.2770876280391,43.71883497299367,31.56719337747338,432.9792726054075
4,18,183.91085663256402,88.02203834948847,32.03217281100048,246.01734609181912
5,18,727.3782348216058,93.9102042993588,31.96296272156451,379.17056467011037
6,18,38.2475073843942,86.23255181833385,26.716296275698618,29.507568961235243
7,18,369.1127456834911,59.61632413825579,30.512686353149633,316.4855520774985
8,18,908.7350238765084,31.398343333856694,17.596091098492014,18.599131513427846
9,18,662.2305326297685,97.49441419912655,21.326113194904686,52.476835326247254
10,18,814.2857749571041,91.06690556507033,28.451760453138334,392.17830987768275
11,18,67.78874897625154,41.65239527949582,27.125675751532995,294.9909431384349
12,18,730.4613956070485,88.72628028108647,16.524750907630576,404.6657913746716
13,18,169.16811908069596,21.043126769559596,16.404564729011035,109.24410967152836
14,18,49.68487456679915,56.73926118581073,27.256907249968073,96.72984923105332
15,18,931.5909085335222,31.56132465986553,20.43699788179797,69.98724246081817
16,18,300.3465147865221,25.17699045027634,16.58926803178112,23.449076824593405
17,18,805.8900997229504,3.470605515179892,18.668407564607566,316.2409737888696
18,18,50.595666206733505,35.98465279905647,34.20081247394198,100.53942215713901
19,18,31.395294683173034,9.2825247998218,21.388919435570454,245.4864009916334
20,18,985.9204622873369,62.8611283802668,32.32165049550453,62.87854427772144
21,18,139.6878964365853,68.04817493873898,15.9953165018808,323.9792687163162
22,18,166.3901062474643,26.361964351691636,32.409304422663965,252.986470390305
23,18,749.497685398983,42.16656197799582,26.610914913677917,241.46303783844587
0,19,50.94311723383926,88.64017902019697,16.914506752832082,232.47891390552095
1,19,624.8519154796661,18.687117806951925,27.108069882833423,18.44946900655886
2,19,514.9559270740375,47.742301932053266,18.379019351864613,37.38690878358941
3,19,301.80057897291033,56.42351828264697,28.99212166546964,83.03344565332705
4,19,506.3205408680402,10.79202620706755,20.347033671734476,285.6964202798224
5,19,901.5823997176274,81.00988641641041,32.20539846671686,26.450478167787672
6,19,657.4542477222827,46.46351159322077,33.04147706318928,339.6174668062317
7,19,383.84841620421605,9.347262399008793,33.10609685815289,17.32383153911188
8,19,319.5111331786703,91.92509390815644,20.22347581362267,11.30325009433525
9,19,812.5653451524048,66.70840503396526,17.697139849220143,18.07801648513069
10,19,791.1946826339691,77.79001140304496,25.270117578255242,496.3804375414633
11,19,811.4424657340502,43.69361304911787,28.489571160938436,82.61532575201352
12,19,622.005715970211,24.603171181606353,33.387903782995934,211.76240064512854
13,19,336.6983308086694,83.30632636755651,31.051201402898748,322.37871003138116
14,19,297.516053277499,90.15956766011747,27.39846910869378,16.628162115396584
15,19,755.7296342135628,15.272661547435574,26.548602646959942,134.1012770956058
16,19,209.09593538595072,34.24666443259048,26.774889879827608,65.53190620307531
17,19,462.9741171927574,32.42490566109143,24.157270718323687,197.20397495556108
18,19,680.0428438429925,17.67148454016415,26.502721406767133,172.4188112880888
19,19,726.3254743108646,31.375486605148684,16.079458373648908,305.36635902727994
20,19,217.28019133387434,94.55732964412111,32.15180802923435,382.14403645547765
21,19,300.21220978880314,32.372006174936416,31.0908233152813,203.81679670546586
22,19,661.9941642845919,20.163723139504906,26.880450314011824,433.6872220814393
23,19,303.0532765442502,57.05603089382271,21.635122418907056,12.059642277179872
0,20,63.74137930492796,84.30376540927718,30.88147145178943,53.313703551077616
1,20,997.3937265794647,34.13285817360089,23.45256905506595,205.84541573826075
2,20,769.717854752949,91.52121466846047,24.537056981678518,11.883486333492122
3,20,718.3698210864563,92.64482995135,26.760386865849775,183.97159401044445
4,20,586.86298192161,69.09470542832258,32.929109016457645,286.6603862371699
5,20,626.9527220749691,11.86523006826854,16.87422152617877,411.4278843922674
6,20,264.0646310692656,76.25338319511687,24.99408788586926,100.61240738913312
7,20,703.0128190227231,76.22910727412851,19.682776071598127,342.7685384304355
8,20,914.0897123691727,96.4599101012439,34.69667837273858,328.58171758580716
9,20,65.57198275575693,67.35889767686136,20.41459837016638,446.0271831801025
10,20,616.7474405725619,40.16545318520903,33.430451430427134,171.39085899220913
11,20,238.20978703837247,30.29125187913655,16.825814381165067,313.62101063146974
12,20,390.31596437619663,53.13250893057548,34.28845482347668,160.90700004292347
13,20,223.68737317493782,55.10728348094317,19.544590876252062,333.45187730607785
14,20,226.9318034984309,67.5551420272787,25.312874009204002,121.13311829128021
15,20,386.71590871485006,60.07692473552401,15.051764740899982,79.38527467247408
16,20,250.96547137343904,49.91802544858863,26.86293112411082,286.9759406897086
17,20,475.72348662682674,38.351212317695804,34.82406936559609,239.59600117876346
18,20,902.4558827652111,5.2766933740802,19.761029417137294,343.0523641150276
19,20,553.0917467568928,30.483195498399994,24.784869110970206,110.49610902383588
20,20,601.7876811561887,38.64683114239542,32.6728568778572,493.73808030269936
21,20,131.0438859328238,30.748453772613647,28.233048955754747,447.67059897830694
22,20,323.4615590324337,60.35453148303576,21.93452609581667,408.8696416000024
23,20,540.1282857528956,27.211892601741393,22.923783547387718,342.5006680398779
0,21,298.9285895943061,68.36246887980167,24.959969544639183,262.44612316288743
1,21,279.99525641500844,30.164987859624436,20.515302592150473,195.47132323405557
2,21,561.1434666666171,77.6225229295735,32.28730173167643,189.23368037121935
3,21,368.416531459178,70.41296776578389,29.65417870468729,262.62329019924414
4,21,460.94466574682014,63.21875908570414,27.35706145767247,422.49039114517706
5,21,692.3578443036082,92.99343203028606,20.914373805152827,167.04384277010726
6,21,367.6463553736443,5.922869281579235,22.419912455466484,65.5777505148501
7,21,121.55587128811341,94.92553778533053,20.809357272612395,200.21635858281795
8,21,210.6058611970144,81.09061065870287,19.300842385195047,178.54855853919966
9,21,818.3497261845749,58.01674293032961,24.509279646199474,108.19608349672582
10,21,139.36896388125052,83.39558398982277,23.34169485962738,405.99029619941217
11,21,798.4948523612826,80.98125298176359,21.272051186350858,415.60890742086167
12,21,461.6567825618597,56.21538798786122,23.786355182022504,248.17064408024063
13,21,462.62953007851195,27.91337511601806,27.850615881462456,240.6533542532645
14,21,264.43552854126796,65.22048207670845,25.16014918104583,215.04657176631892
15,21,693.3059881192662,51.51399481984783,33.92220676624457,142.09654568568075
16,21,365.4100148717211,45.577425046405274,19.407997697259752,343.55479247808717
17,21,522.984114606494,89.30986555070143,17.822849116605035,296.68277469485156
18,21,36.900031954414935,77.18426833335364,26.001506192486925,84.18629510709779
19,21,462.9094519528807,92.72484869135806,20.47344655873992,136.6825075077608
20,21,414.0433495911232,72.73573075601577,16.35518733060173,95.76355310187023
21,21,899.6249858734574,64.25202203550093,33.55478728606944,426.74145641441845
22,21,548.1665415786875,6.567067747405297,20.999306868211683,281.9197969460784
23,21,201.02863790553437,33.34189660710835,19.168719695730463,317.86367590027675
0,22,885.0686865323297,49.07065720863888,26.043894219424068,462.21451430992744
1,22,654.5764678306871,79.32498094383921,32.05231580087978,387.12746856695685
2,22,63.27764195187768,83.91996891742426,34.92109557214151,439.3745518473776
3,22,188.60065254907477,4.771275328818869,33.628977713113734,250.86658585688863
4,22,729.81670772642,4.152849032374883,29.370950421304936,191.38385253625896
5,22,359.8968902959878,81.28352341738776,21.627335359493152,216.9414113137161
6,22,657.3009177274048,0.2812978481605777,30.755951505569488,472.3621835156615
7,22,627.1426423658926,76.7001248834033,19.148799109034538,213.12250383222576
8,22,783.2686728125576,99.03667260019775,34.269937564361676,371.19325257592135
9,22,81.44876925621335,32.05705593836434,32.771972909098984,368.8198060891077
10,22,639.8940770310929,68.87546301622145,34.48674299939959,39.7832485199468
11,22,294.0480940252844,18.112558463709107,19.122885034625035,348.7171233690208
12,22,803.8496044778499,66.60569495941718,19.824088310852805,391.5423375352084
13,22,922.9475263864256,1.7298194517391452,28.79090732642823,3.055700722420618
14,22,428.0298643773338,73.51197813016283,29.76076430779386,406.885903225026
15,22,316.9385011330059,26.500127389565243,25.699729548604985,122.44925441523796
16,22,206.61647267327132,69.5671167685038,27.924887492489432,1.1857127035481696
17,22,825.2679943853645,36.55213818707583,25.973645242566047,485.9838325373315
18,22,202.9938386985517,30.24981237142067,16.72894908570151,282.1505690380582
19,22,466.3095248536112,93.24602400680894,24.414873909784845,38.89533688807484
20,22,375.67163407051515,30.916825949245364,23.183104056704423,161.26954047657054
21,22,50.15905386546826,31.26236665198944,32.555584510179585,425.8103774179437
22,22,136.0367758300608,49.611481169343165,21.075641219495182,240.5499501871034
23,22,230.0383513667098,9.080246591489916,26.898557142348427,443.184380630262
0,23,442.81647829975134,29.037012621022818,24.034936548702817,146.4861395162227
1,23,434.0324102113449,49.798036310233165,19.77863000358937,122.39568828678865
2,23,180.02285232992776,50.87944249428864,28.66980369665534,172.06004128280185
3,23,142.25431813987987,14.209123064970065,32.67952786835248,259.9988812733114
4,23,192.6339368044546,66.59770071201278,28.06560933805403,333.96688806502567
5,23,657.1471284991181,1.1944564248617673,33.207201730178134,96.43086686281616
6,23,370.2941876804503,58.64145950020273,29.421615341822026,406.02972755369444
7,23,21.71690263771331,67.62005076903176,34.883655667335915,248.02636445798643
8,23,415.87347487997226,35.60814680043738,19.655768607496036,338.30318904276805
9,23,237.69397952869465,63.671239633739674,31.677493343718023,298.7134060780125
10,23,343.40860003025807,27.529031673615055,34.01292160761198,170.2027818010461
11,23,828.1680196512035,53.8666700014097,19.894062173748388,25.63377920366605
12,23,797.0349943007317,61.63107233347244,21.400508675449945,342.0044760581253
13,23,923.9527747053588,45.48958870467733,33.540795067001476,148.3816287447215
14,23,798.6998950813439,59.34246986955023,34.469707232368165,393.0916721029085
15,23,597.244037336138,32.141608588189655,22.256178479737056,299.05954363711294
16,23,667.1629587417643,93.69649234871285,23.244318731180805,250.0999002025971
17,23,712.7915872799932,26.370357387174714,24.427125342459206,467.902481610199
18,23,305.6604705779845,36.5222353610209,21.771190592803347,301.2977073829565
19,23,39.64422032575632,34.52524796630507,29.428692498301935,183.84218500367462
20,23,227.3524115205555,85.62499145720828,31.480446188288997,326.72342166355594
21,23,89.73430646088832,25.671948787844578,28.625175418996733,40.3359058268058
22,23,482.8567772924187,24.66652127314335,26.49221237054683,92.24063791682596
23,23,891.2099819071317,55.184832444559795,15.835659824587369,252.9076087984281
0,24,802.2446994278998,30.624506135586994,26.814052185146387,209.79775361557074
1,24,324.0927429716323,63.105497192542,32.29369846538632,274.0842008407825
2,24,593.3375744205705,42.50826641769233,32.45946236603591,289.4042894161115
3,24,354.36323826084583,97.55992130737688,18.507736601973757,242.7367529293115
4,24,176.92605073699386,18.076566753813395,23.857796173660336,152.20416226511819
5,24,943.9422540032907,7.657395859882743,18.984205771431867,30.927881777271125
6,24,996.3196911128159,34.052517077114494,20.92582355641631,73.32982033047453
7,24,602.8149500479689,27.327804095386764,19.569262875362014,265.4299786143801
8,24,173.8125584734731,17.29897040979934,34.5867880235989,62.50591482773543
9,24,564.2292464140536,46.963517224576634,29.845567636040737,193.85702304541363
10,24,969.8051843002864,36.0292936161444,16.10017795204058,204.25952467172021
11,24,118.3213407259972,95.32346998410932,33.74933133944549,144.18280839436397
12,24,10.443038497378044,36.9825311480798,17.222446339007547,241.28930427386948
13,24,316.5666892557972,15.009456767226691,23.569378709306626,431.2255798764648
14,24,657.5111968182721,47.98322455391523,21.201458710159415,287.14343453233914
15,24,282.4437479236678,73.38913574961883,34.973243051390995,90.80720782635198
16,24,201.64040493457213,1.108895348482053,32.62389075845909,396.8928104324204
17,24,339.4196260343424,39.27521991638934,20.81537968357399,295.24254454284255
18,24,357.25903485340496,0.7283136501161525,19.64663409485363,483.71607099265606
19,24,406.3986892537681,10.757376438209787,32.44060786317242,469.44427408946797
20,24,843.3090606967705,51.560385134468376,16.033856566858226,60.58453424340937
21,24,824.1592695096468,67.44954633977895,21.425328270503435,288.02682010186766
22,24,856.663233371096,45.10028567720211,18.808021951659722,3.739362974136906
23,24,165.65359949426806,54.66620065578574,26.4971161479068,495.8931304961643
0,25,290.9991869555987,29.135898219204314,29.67098163452549,398.1354335545977
1,25,883.6962544567924,34.630718862712015,20.476233855162423,190.7872426521287
2,25,381.24606909903866,32.934814470421344,34.06520196874787,55.088073113875645
3,25,753.4387416943545,21.84078521247589,33.463485971726016,460.0255089201685
4,25,277.41053240582926,11.246812767071345,31.26093138871817,293.8024087368586
5,25,51.25652910798628,24.880059410597344,31.413818463605278,142.63871026673945
6,25,415.3794543270113,91.83440101517678,17.743967455403876,217.70471474003762
7,25,669.8895433663107,78.6030841135932,15.367118629262702,241.19607070206155
8,25,100.99182879101842,96.8801297852852,33.55414970740034,58.18125730260304
9,25,76.37770564560154,32.11624040075005,24.448834711133628,184.26364576338378
10,25,687.7570102818594,26.927904541791836,27.149002930068647,234.15296497263415
11,25,707.765956088267,83.96483249677429,22.421679495978797,95.83107407578301
12,25,671.5770329113063,65.26829019320711,34.71474087060594,460.55994824009525
13,25,727.5984949200101,81.09660279358255,25.99287601556642,447.3713625066336
14,25,567.7193921593,95.74533914018187,32.26905469485273,499.1999952432522
15,25,435.2140668614286,66.04974683738706,29.514773690077323,135.55806339143828
16,25,11.82284353731844,83.15245889924007,28.056285737536324,492.592647905162
17,25,723.5826300071687,76.12231504676836,16.41811301907538,315.31788263816003
18,25,925.6869732190976,45.94760597367854,29.043145636564514,71.52051527036207
19,25,313.37676777473854,76.44132844694127,27.00010253800305,126.06777215481141
20,25,386.7547252787406,12.814346917029805,30.6088552343426,467.4453745744176
21,25,450.3351271586048,83.49188175219699,27.467331556715614,207.54241696450126
22,25,53.89517412845313,45.22986465951415,26.23409522493574,10.288416019465728
23,25,4.269712049952634,40.157675857334596,24.818812944889963,424.6416260694443
0,26,953.254167304512,64.48351330613882,22.433780430290952,451.79793457314565
1,26,693.2475825075039,94.11907053253346,18.833400208429254,450.5325885146307
2,26,73.56119198803835,53.39551229209406,15.390892276202957,490.91246790174984
3,26,996.7215396559008,81.66648433350309,21.84219447776602,341.73298566922915
4,26,795.4577667935433,26.936140629136762,31.92601193659949,420.74047770833835
5,26,692.5712470730581,67.44492949982269,33.19903457114815,439.75034084910226
6,26,215.8280736122171,53.42878582267967,20.93475745712992,244.26815298376798
7,26,5.7010975628764005,30.649402144425608,15.970519154368326,357.6373339213334
8,26,981.8905672784558,35.32948444393802,18.07894379111166,305.6921178844576
9,26,808.6611495056343,54.315073675595,19.506860480469857,48.3116458589336
10,26,249.92005655437012,85.241437024575,19.422057680307418,48.88621139363597
11,26,372.87066500596535,3.692807577651702,33.9449855015419,251.81574413030273
12,26,402.4480876558231,21.784048028765103,21.07106742883243,193.20871034909166
13,26,493.2156097987281,13.919627445981142,18.53282074456542,471.5664021886515
14,26,379.808774993291,97.2051421230928,29.154496015155384,466.6992440319102
15,26,332.7259895814796,97.18431175015067,22.185322461455314,230.48318777788907
16,26,915.4151915044647,85.28406460092044,18.58088469259076,381.3580945364953
17,26,621.5369885996604,42.80362152339722,20.521549092825467,266.7519029131274
18,26,938.5881148111297,82.17118149566208,19.964100485469018,429.30164936008356
19,26,414.89458843725293,5.90198605101696,30.736484703036886,331.89355597414175
20,26,16.694918861664966,61.261486018289915,24.29458395227048,438.5086362398549
21,26,141.73349994662232,27.390350291737796,18.2573052598898,402.4191496956423
22,26,888.4619248519925,0.8068822636212669,15.433703315072712,171.77326188746284
23,26,703.9604999384462,35.02076763453743,34.633619381782495,229.44351189018386
0,27,3.599786779067138,14.648791886709168,34.2891217395051,142.71307655207698
1,27,960.9633337007155,84.38897993731275,30.951247712944223,191.0899722437679
2,27,347.3206793574225,9.954158880923824,23.45075604224492,138.94369675830336
3,27,49.01637103205858,85.06991030449848,34.78335595053413,369.80869716265744
4,27,625.7029583297593,16.026497230918014,19.190208677802225,171.14121635206402
5,27,335.83476826116976,96.30963492848991,26.008064845313747,33.00154307819292
6,27,527.0071153820074,36.17898352746533,15.387132283130633,252.58026267370488
7,27,24.297038443131356,30.083545413773738,27.64621675833063,336.28925448061227
8,27,147.87027220579807,20.51521362195019,28.54099744343452,324.2295026802247
9,27,49.347654606660015,59.16865769752753,30.834571904557592,170.8292179363536
10,27,864.9424316906051,49.50757202299967,24.587478778289473,431.51685441194627
11,27,191.24306320069695,35.44772883302133,33.66945028390518,29.079615523438353
12,27,518.3512468730138,13.28130007150088,26.61926081745245,198.45775188957992
13,27,454.8291623198975,73.72379878752146,17.426801009416636,407.5802966726396
14,27,32.40115608375438,56.683478903133796,20.14985688250769,298.3261005173827
15,27,196.232991758999,16.376011385154033,21.161953010075727,476.54678940460815
16,27,942.3397201935971,34.26625002782332,20.58259195893899,135.65139516641477
17,27,818.9091914943475,7.138199335471384,18.0159480253823,257.87226402459066
18,27,174.0494046017358,74.69592502187423,26.97488874781552,349.7068865888524
19,27,770.5955580333108,95.62752386991332,19.16750294655958,476.1621158918565
20,27,638.8251392629056,56.22020047225321,17.87016936260618,242.72694641551246
21,27,946.4057944467646,93.79643667405455,17.525893890409957,364.9901323297102
22,27,250.42484129734387,44.11175763381898,26.16741357969746,374.4074984894845
23,27,638.8541518873346,13.157279185816362,25.972554976905187,131.15181230143054
0,28,598.8972466129867,68.4625858436848,17.062747855503314,199.150075020266
1,28,66.23227883941807,69.94781385416992,25.1183106820773,216.8802439504563
2,28,414.8816920389313,20.65184136327104,26.27001215387238,77.25744069994566
3,28,350.134915205742,43.56719096120767,33.77300850359275,342.3543058329968
4,28,475.7273532890512,33.93922135060114,22.044047047900726,436.3273413095921
5,28,48.42296123198753,23.626101651968867,16.68500129767388,161.91164347683264
6,28,956.9173572289651,65.48280095319683,31.380915541928132,264.3113852216889
7,28,99.6596633592376,80.89496697605311,21.884808992383775,149.22612290228372
8,28,654.0267328976312,21.919228929022616,26.080131576494466,419.2584082877044
9,28,337.93313124785317,75.93889055177445,33.419444530689205,181.4747263413599
10,28,563.1294190114558,8.063107690821614,26.723690318274265,38.813918494643275
11,28,874.1778337290475,43.860214159317955,22.938731645785246,243.91891366854074
12,28,106.69061920881518,44.93122812399988,25.05220479006497,236.29823476653272
13,28,917.6678185069538,12.104339781683205,21.951003837145034,70.6181426638755
14,28,812.3745310193219,46.14734492766996,33.538184885551786,110.5182912460555
15,28,375.2636484633549,49.68030676461998,16.37890005620417,60.43720734564306
16,28,220.89850775817212,67.90636571880377,20.63605846441383,67.00546728840062
17,28,175.3018736823393,72.46179326825488,28.223905704346908,473.63280782416314
18,28,650.4021627801051,3.572155345216399,24.939930340102997,484.5079574900137
19,28,625.0237334870051,53.51653810378293,34.830521201326675,133.1360184090259
20,28,469.57085882045766,68.57291069494522,28.597998185145038,57.087096221251635
21,28,95.7763971055916,34.11627634973846,22.482981449689888,322.9889696977789
22,28,362.9525088593859,9.16977839222225,31.433965286683424,167.0185113128236
23,28,953.5172450485918,42.58487545876748,17.59015666679488,101.24251460024986
0,29,557.6337109423051,18.1898699595785,26.157566445716842,341.9581876168591
1,29,474.8413643773533,46.129724439697384,23.85813922354204,373.2842332003392
2,29,167.4846343527979,9.811797057370676,19.09068683995092,298.2691278828714
3,29,804.3817367426484,20.49431662420893,17.963098738484447,104.1118602202828
4,29,59.83724158311388,98.15394684916755,24.866849181831476,435.8966909898418
5,29,675.8893814071897,51.06040379031075,33.544658209379776,225.80096181071758
6,29,963.3635333143624,31.5029100464458,27.59247738704694,185.9589306540913
7,29,8.401599518918612,44.505683865368304,19.781129853122273,456.7255656771823
8,29,116.58060207533482,67.80552867094559,31.625149565788504,242.91196759559398
9,29,386.36632643084425,27.646965906365097,17.7311361100632,49.92671543520088
10,29,765.1018899200843,98.46002342098089,15.07895455914098,400.35310268901213
11,29,995.9116467159689,40.3006310964084,16.6765179478566,28.032708243083626
12,29,414.78744526575053,21.17524946210292,27.837331207184484,373.29751328638497
13,29,64.34126556534193,72.86954513628311,19.57896044892609,155.7499890217516
14,29,249.70354106920234,24.668649902295904,26.856536797716686,66.82076803583581
15,29,997.1004579351576,51.039496939755836,31.481357737198465,209.9085850339436
16,29,397.4985491671205,44.9231989751965,15.021230812188708,193.82517988859726
17,29,725.9559946249162,67.7625079835093,27.905664369590717,4.8652118692738
18,29,143.50383112990772,83.13208065971635,31.137165316152835,435.8694082382192
19,29,604.1122284006274,80.12457939020464,34.588042247346195,233.73958398251932
20,29,985.6942336258031,36.5513053630769,31.7174208437128,419.7184491513213
21,29,645.8783709572103,39.18133031451608,28.562822388108803,485.56489693586246
22,29,269.8719828673928,1.6269352467479736,18.544637361982268,13.530975480093243
23,29,314.6072267843417,32.50071255376115,26.106835148222586,377.24691886643535
